<?xml version="1.0" encoding="UTF-8"?>
<manifest identifier="BubbleSortSCORM" version="1.0" 
          xmlns="http://www.imsproject.org/xsd/imscp_rootv1p1p2" 
          xmlns:adlcp="http://www.adlnet.org/xsd/adlcp_rootv1p2" 
          xmlns:xsi="http://www.w3.org/2001/XMLSchema-instance" 
          xsi:schemaLocation="http://www.imsproject.org/xsd/imscp_rootv1p1p2 imscp_rootv1p1p2.xsd 
                              http://www.imsglobal.org/xsd/imsmd_rootv1p2p1 imsmd_rootv1p2p1.xsd 
                              http://www.adlnet.org/xsd/adlcp_rootv1p2 adlcp_rootv1p2.xsd">
  
  <metadata>
    <schema>ADL SCORM</schema>
    <schemaversion>1.2</schemaversion>
  </metadata>
  
  <organizations default="BubbleSort_ORG">
    <organization identifier="BubbleSort_ORG">
      <title>Bubble Sort Learning Module</title>
      <item identifier="item_main" identifierref="resource_main">
        <title>Bubble Sort Learning Module</title>
        <adlcp:masteryscore>80</adlcp:masteryscore>
      </item>
    </organization>
  </organizations>
  
  <resources>
    <resource identifier="resource_main" type="webcontent" adlcp:scormtype="sco" href="index.html">
      <file href="index.html"/>
      <file href="simulation/bsdemo.html"/>
      <file href="simulation/bspractice.html"/>
      <file href="simulation/bsexercise.html"/>
      <file href="simulation/css/bubble_css.css"/>
      <file href="simulation/css/main.css"/>
      <file href="simulation/js/bubble_demo.js"/>
      <file href="simulation/js/bubble_practice.js"/>
      <file href="simulation/js/bubble_exercise.js"/>
      <file href="simulation/js/scorm-api.js"/>
      <file href="assets/css/common-styles.css"/>
      <file href="assets/js/instruction-box.js"/>
    </resource>
  </resources>
</manifest>
